Estabel;Item;Refer;Descrição;Nr Ordem;Data Emissão;Data Término;Estado;Qt Prevista;Qt Produzida;ACA sem REQ;REQ sem ACA;ACA sem GGF;GGF sem ACA;ACA sem MOB;MOB sem ACA;RRQ Sem REQ Item cor.;Restrição GGF/MOB;Últ Movto;Sem movto há 30 dias;Tipo
200;26000608;;CQ-3060 BULK;64626;20/03/2024;26/03/2024;Finalizada;2800;2905;Não;Não;Não;Não;Sim;Não;Não;Não;02/04/2024;Não;Bulk
200;26000608;;CQ-3060 BULK;64641;26/03/2024;31/03/2024;Finalizada;2800;2800;Não;Não;Não;Não;Sim;Não;Não;Não;04/04/2024;Não;Bulk
200;26000608;;CQ-3060 BULK;64721;14/03/2024;21/03/2024;Finalizada;2800;2875;Não;Não;Não;Não;Sim;Não;Não;Não;03/04/2024;Não;Bulk
200;26000609;;CQ-3061 BULK;65047;19/03/2024;25/03/2024;Finalizada;2600;2685;Não;Não;Não;Não;Sim;Não;Não;Não;01/04/2024;Não;Bulk
200;26000609;;CQ-3061 BULK;65048;19/03/2024;25/03/2024;Finalizada;2800;2925;Não;Não;Não;Não;Sim;Não;Não;Não;02/04/2024;Não;Bulk
200;26000003;;ADHM-200 BULK;65090;19/03/2024;28/03/2024;Finalizada;2000;1680;Não;Não;Não;Não;Sim;Não;Não;Não;01/04/2024;Não;Bulk
200;26000973;;R-066 BULK;65113;20/03/2024;29/03/2024;Finalizada;5600;5550;Não;Não;Não;Não;Sim;Não;Não;Não;05/04/2024;Não;Bulk
200;26001095;;CQ-7150 BULK;65166;20/03/2024;30/03/2024;Finalizada;2400;2400;Não;Não;Não;Não;Sim;Não;Não;Não;03/04/2024;Não;Bulk
200;26001095;;CQ-7150 BULK;65167;20/03/2024;30/03/2024;Finalizada;2400;2400;Não;Não;Não;Não;Sim;Não;Não;Não;03/04/2024;Não;Bulk
200;26000954;;PHC8290/1 BULK;65170;20/03/2024;29/03/2024;Finalizada;3800;3800;Não;Não;Não;Não;Sim;Não;Não;Não;01/04/2024;Não;Bulk
200;26000955;;ADVANTRA® PHC9250 BULK;65171;20/03/2024;29/03/2024;Finalizada;3800;3800;Não;Não;Não;Não;Sim;Não;Não;Não;01/04/2024;Não;Bulk
200;26000641;;CQ-4133 BULK;65172;20/03/2024;30/03/2024;Finalizada;3800;3800;Não;Não;Não;Não;Sim;Não;Não;Não;02/04/2024;Não;Bulk
200;26000793;;CQ-7039/5 BULK;65185;20/03/2024;31/03/2024;Finalizada;2600;2600;Não;Não;Não;Não;Sim;Não;Não;Não;05/04/2024;Não;Bulk
200;26000795;;CQ-7039T BULK;65186;20/03/2024;31/03/2024;Finalizada;2600;2638;Não;Não;Não;Não;Sim;Não;Não;Não;08/04/2024;Não;Bulk
200;26000931;;HM-4995/1 BULK;65187;20/03/2024;28/03/2024;Finalizada;3800;3800;Não;Não;Não;Não;Sim;Não;Não;Não;03/04/2024;Não;Bulk
200;26000931;;HM-4995/1 BULK;65188;20/03/2024;28/03/2024;Finalizada;3800;3800;Não;Não;Não;Não;Sim;Não;Não;Não;03/04/2024;Não;Bulk
200;26001156;;Swift®tak 3715LA BULK;65236;26/03/2024;01/04/2024;Finalizada;5000;5040;Não;Não;Não;Não;Sim;Não;Não;Não;01/04/2024;Não;Bulk
200;26000469;;C-88 BULK;65237;26/03/2024;04/04/2024;Finalizada;10100;9975,27;Não;Não;Não;Não;Sim;Não;Não;Não;01/04/2024;Não;Bulk
200;26000293;;C-464 BULK;65238;26/03/2024;04/04/2024;Finalizada;2000;2008,25;Não;Não;Não;Não;Sim;Não;Não;Não;02/04/2024;Não;Bulk
200;26001129;;RAKOLL FC BULK;65239;26/03/2024;01/04/2024;Finalizada;3100;2915;Não;Não;Não;Não;Sim;Não;Não;Não;05/04/2024;Não;Bulk
200;26001147;;Swift®tak 4450 BULK;65248;26/03/2024;02/04/2024;Finalizada;4100;4171,07;Não;Não;Não;Não;Sim;Não;Não;Não;03/04/2024;Não;Bulk
200;26000547;;CA-9020J BULK;65249;26/03/2024;06/04/2024;Finalizada;4800;4985;Não;Não;Não;Não;Sim;Não;Não;Não;02/04/2024;Não;Bulk
200;26000384;;C-580 BULK;65250;26/03/2024;05/04/2024;Finalizada;8500;8204;Não;Não;Não;Não;Sim;Não;Não;Não;02/04/2024;Não;Bulk
200;26000406;;C-62 BULK;65251;26/03/2024;05/04/2024;Finalizada;2400;2448,48;Não;Não;Não;Não;Sim;Não;Não;Não;02/04/2024;Não;Bulk
200;26000969;;R-059 BULK;65252;26/03/2024;04/04/2024;Finalizada;4000;4510;Não;Não;Não;Não;Sim;Não;Não;Não;03/04/2024;Não;Bulk
200;26001162;;HMK-4570-L BULK;65264;26/03/2024;01/04/2024;Finalizada;1543;1543;Não;Não;Não;Não;Sim;Não;Não;Não;01/04/2024;Não;Bulk
200;26001162;;HMK-4570-L BULK;65265;26/03/2024;01/04/2024;Finalizada;1543;1543;Não;Não;Não;Não;Sim;Não;Não;Não;02/04/2024;Não;Bulk
200;26001162;;HMK-4570-L BULK;65266;26/03/2024;01/04/2024;Finalizada;1543;1543;Não;Não;Não;Não;Sim;Não;Não;Não;03/04/2024;Não;Bulk
200;26000657;;CQ-4143 BULK;65267;26/03/2024;04/04/2024;Finalizada;1800;1880;Não;Não;Não;Não;Sim;Não;Não;Não;02/04/2024;Não;Bulk
200;26000657;;CQ-4143 BULK;65268;26/03/2024;04/04/2024;Finalizada;1800;1850;Não;Não;Não;Não;Sim;Não;Não;Não;02/04/2024;Não;Bulk
200;26000564;;CQ-010 BULK;65269;26/03/2024;04/04/2024;Finalizada;1800;1800;Não;Não;Não;Não;Sim;Não;Não;Não;01/04/2024;Não;Bulk
200;26000775;;CQ-7013 BULK;65271;26/03/2024;04/04/2024;Finalizada;1300;1300;Não;Não;Não;Não;Sim;Não;Não;Não;02/04/2024;Não;Bulk
200;26000859;;CQ-752 PUR BULK;65272;26/03/2024;06/04/2024;Finalizada;2522,562;2572,56;Não;Não;Não;Não;Sim;Não;Não;Não;02/04/2024;Não;Bulk
200;26001162;;HMK-4570-L BULK;65290;27/03/2024;02/04/2024;Finalizada;1543;1543;Não;Não;Não;Não;Sim;Não;Não;Não;02/04/2024;Não;Bulk
200;26001162;;HMK-4570-L BULK;65291;27/03/2024;02/04/2024;Finalizada;1543;1543;Não;Não;Não;Não;Sim;Não;Não;Não;02/04/2024;Não;Bulk
200;26001162;;HMK-4570-L BULK;65292;27/03/2024;02/04/2024;Finalizada;1543;1543;Não;Não;Não;Não;Sim;Não;Não;Não;02/04/2024;Não;Bulk
200;26001162;;HMK-4570-L BULK;65293;27/03/2024;02/04/2024;Finalizada;1543;1543;Não;Não;Não;Não;Sim;Não;Não;Não;03/04/2024;Não;Bulk
200;26001162;;HMK-4570-L BULK;65294;27/03/2024;02/04/2024;Finalizada;1543;1543;Não;Não;Não;Não;Sim;Não;Não;Não;03/04/2024;Não;Bulk
200;26001162;;HMK-4570-L BULK;65295;27/03/2024;02/04/2024;Finalizada;1543;1543;Não;Não;Não;Não;Sim;Não;Não;Não;03/04/2024;Não;Bulk
200;26000931;;HM-4995/1 BULK;65296;27/03/2024;04/04/2024;Finalizada;3800;3800;Não;Não;Não;Não;Sim;Não;Não;Não;04/04/2024;Não;Bulk
200;26000931;;HM-4995/1 BULK;65297;27/03/2024;04/04/2024;Finalizada;3800;3800;Não;Não;Não;Não;Sim;Não;Não;Não;04/04/2024;Não;Bulk
200;26000844;;CQ-731 BULK;65298;27/03/2024;05/04/2024;Finalizada;5800;5800;Não;Não;Não;Não;Sim;Não;Não;Não;03/04/2024;Não;Bulk
200;26000688;;CQ-4251 BULK;65299;27/03/2024;05/04/2024;Finalizada;5800;5800;Não;Não;Não;Não;Sim;Não;Não;Não;03/04/2024;Não;Bulk
200;26000564;;CQ-010 BULK;65300;27/03/2024;05/04/2024;Finalizada;1800;1800;Não;Não;Não;Não;Sim;Não;Não;Não;02/04/2024;Não;Bulk
200;26000807;;CQ-7081/3 BULK;65301;27/03/2024;05/04/2024;Finalizada;1100;1100;Não;Não;Não;Não;Sim;Não;Não;Não;03/04/2024;Não;Bulk
200;26000603;;CQ-3040 BULK;65302;27/03/2024;05/04/2024;Finalizada;1000;1000;Não;Não;Não;Não;Sim;Não;Não;Não;03/04/2024;Não;Bulk
200;26000859;;CQ-752 PUR BULK;65303;27/03/2024;07/04/2024;Finalizada;2522,562;2522,562;Não;Não;Não;Não;Sim;Não;Não;Não;03/04/2024;Não;Bulk
200;26001156;;Swift®tak 3715LA BULK;65321;27/03/2024;03/04/2024;Finalizada;5000;5015;Não;Não;Não;Não;Sim;Não;Não;Não;04/04/2024;Não;Bulk
200;26001022;;T-199/2 BULK;65322;27/03/2024;05/04/2024;Finalizada;4000;4455;Não;Não;Não;Não;Sim;Não;Não;Não;04/04/2024;Não;Bulk
200;26000992;;S-026 BULK;65323;27/03/2024;05/04/2024;Finalizada;3316,6;3316,6;Não;Não;Não;Não;Sim;Não;Não;Não;03/04/2024;Não;Bulk
200;26000344;;C-528 BULK;65324;27/03/2024;06/04/2024;Finalizada;10300;10595,59;Não;Não;Não;Não;Sim;Não;Não;Não;04/04/2024;Não;Bulk
200;26000965;;R-052 BULK;65325;27/03/2024;05/04/2024;Finalizada;4400;4360;Não;Não;Não;Não;Sim;Não;Não;Não;05/04/2024;Não;Bulk
200;26001162;;HMK-4570-L BULK;65331;27/03/2024;03/04/2024;Finalizada;1543;1543;Não;Não;Não;Não;Sim;Não;Não;Não;04/04/2024;Não;Bulk
200;26001162;;HMK-4570-L BULK;65332;27/03/2024;03/04/2024;Finalizada;1543;1543;Não;Não;Não;Não;Sim;Não;Não;Não;04/04/2024;Não;Bulk
200;26001162;;HMK-4570-L BULK;65333;27/03/2024;03/04/2024;Finalizada;1543;1543;Não;Não;Não;Não;Sim;Não;Não;Não;04/04/2024;Não;Bulk
200;26001162;;HMK-4570-L BULK;65334;27/03/2024;03/04/2024;Finalizada;1543;1543;Não;Não;Não;Não;Sim;Não;Não;Não;05/04/2024;Não;Bulk
200;26001162;;HMK-4570-L BULK;65335;27/03/2024;03/04/2024;Finalizada;1543;1543;Não;Não;Não;Não;Sim;Não;Não;Não;05/04/2024;Não;Bulk
200;26001162;;HMK-4570-L BULK;65336;27/03/2024;03/04/2024;Finalizada;1543;1543;Não;Não;Não;Não;Sim;Não;Não;Não;05/04/2024;Não;Bulk
200;26000018;;BR-780FZ BULK;65337;27/03/2024;06/04/2024;Finalizada;3800;3800;Não;Não;Não;Não;Sim;Não;Não;Não;05/04/2024;Não;Bulk
200;26000018;;BR-780FZ BULK;65338;27/03/2024;06/04/2024;Finalizada;3800;3800;Não;Não;Não;Não;Sim;Não;Não;Não;06/04/2024;Não;Bulk
200;26000615;;CQ-4012 BULK;65340;03/04/2024;07/04/2024;Finalizada;5816,52;5816,52;Não;Não;Não;Não;Sim;Não;Não;Não;05/04/2024;Não;Bulk
200;26000564;;CQ-010 BULK;65342;27/03/2024;06/04/2024;Finalizada;1800;1800;Não;Não;Não;Não;Sim;Não;Não;Não;03/04/2024;Não;Bulk
200;26000595;;CQ-3027 BULK;65343;27/03/2024;06/04/2024;Finalizada;2400;2400;Não;Não;Não;Não;Sim;Não;Não;Não;04/04/2024;Não;Bulk
200;26000599;;CQ-3030 BULK;65344;27/03/2024;06/04/2024;Finalizada;2800;2800;Não;Não;Não;Não;Sim;Não;Não;Não;08/04/2024;Não;Bulk
200;26000807;;CQ-7081/3 BULK;65345;27/03/2024;06/04/2024;Finalizada;1100;1100;Não;Não;Não;Não;Sim;Não;Não;Não;04/04/2024;Não;Bulk
200;26000807;;CQ-7081/3 BULK;65346;27/03/2024;06/04/2024;Finalizada;1100;1100;Não;Não;Não;Não;Sim;Não;Não;Não;08/04/2024;Não;Bulk
200;26001162;;HMK-4570-L BULK;65366;27/03/2024;04/04/2024;Finalizada;1543;1543;Não;Não;Não;Não;Sim;Não;Não;Não;06/04/2024;Não;Bulk
200;26001162;;HMK-4570-L BULK;65367;27/03/2024;04/04/2024;Finalizada;1543;1543;Não;Não;Não;Não;Sim;Não;Não;Não;06/04/2024;Não;Bulk
200;26001162;;HMK-4570-L BULK;65368;27/03/2024;04/04/2024;Finalizada;1543;1543;Não;Não;Não;Não;Sim;Não;Não;Não;06/04/2024;Não;Bulk
200;26001162;;HMK-4570-L BULK;65369;27/03/2024;04/04/2024;Finalizada;1543;1543;Não;Não;Não;Não;Sim;Não;Não;Não;16/04/2024;Não;Bulk
200;26001162;;HMK-4570-L BULK;65370;27/03/2024;04/04/2024;Finalizada;1543;1543;Não;Não;Não;Não;Sim;Não;Não;Não;17/04/2024;Não;Bulk
200;26001162;;HMK-4570-L BULK;65371;27/03/2024;04/04/2024;Finalizada;1543;1543;Não;Não;Não;Não;Sim;Não;Não;Não;17/04/2024;Não;Bulk
200;26000628;;CQ-4043 BULK;65374;27/03/2024;07/04/2024;Finalizada;5800;5800;Não;Não;Não;Não;Sim;Não;Não;Não;05/04/2024;Não;Bulk
200;26000702;;CQ-4443 BULK;65375;27/03/2024;07/04/2024;Finalizada;1810;1810;Não;Não;Não;Não;Sim;Não;Não;Não;05/04/2024;Não;Bulk
200;26000599;;CQ-3030 BULK;65376;27/03/2024;07/04/2024;Finalizada;2800;2875;Não;Não;Não;Não;Sim;Não;Não;Não;08/04/2024;Não;Bulk
200;26001095;;CQ-7150 BULK;65377;27/03/2024;07/04/2024;Finalizada;2400;2400;Não;Não;Não;Não;Sim;Não;Não;Não;06/04/2024;Não;Bulk
200;26000807;;CQ-7081/3 BULK;65378;27/03/2024;07/04/2024;Finalizada;1100;1100;Não;Não;Não;Não;Sim;Não;Não;Não;08/04/2024;Não;Bulk
200;26000806;;CQ-7081 BULK;65379;27/03/2024;07/04/2024;Finalizada;1000;1000;Não;Não;Não;Não;Sim;Não;Não;Não;04/04/2024;Não;Bulk
200;26000859;;CQ-752 PUR BULK;65380;27/03/2024;09/04/2024;Finalizada;2522,562;2572,56;Não;Não;Não;Não;Sim;Não;Não;Não;04/04/2024;Não;Bulk
200;26000684;;CQ-4243H BULK;65381;27/03/2024;07/04/2024;Finalizada;5800;5800;Não;Não;Não;Não;Sim;Não;Não;Não;04/04/2024;Não;Bulk
200;26001021;;T-199/1 BULK;65384;28/03/2024;06/04/2024;Finalizada;4000;4839,95;Não;Não;Não;Não;Sim;Não;Não;Não;05/04/2024;Não;Bulk
200;26000547;;CA-9020J BULK;65385;28/03/2024;08/04/2024;Finalizada;4800;4880;Não;Não;Não;Não;Sim;Não;Não;Não;04/04/2024;Não;Bulk
200;26000358;;C-550 BULK;65387;28/03/2024;07/04/2024;Finalizada;8500;8245,75;Não;Não;Não;Não;Sim;Não;Não;Não;05/04/2024;Não;Bulk
200;26000284;;C-440 BULK;65388;28/03/2024;07/04/2024;Finalizada;2050;2045,84;Não;Não;Não;Não;Sim;Não;Não;Não;04/04/2024;Não;Bulk
200;26001010;;T-100 BULK;65389;28/03/2024;06/04/2024;Finalizada;1100;1040,46;Não;Não;Não;Não;Sim;Não;Não;Não;04/04/2024;Não;Bulk
200;26001129;;RAKOLL FC BULK;65390;28/03/2024;04/04/2024;Finalizada;3100;3120;Não;Não;Não;Não;Sim;Não;Não;Não;05/04/2024;Não;Bulk
200;26000969;;R-059 BULK;65391;28/03/2024;06/04/2024;Finalizada;4000;4100;Não;Não;Não;Não;Sim;Não;Não;Não;08/04/2024;Não;Bulk
200;26001156;;Swift®tak 3715LA BULK;65408;01/04/2024;05/04/2024;Finalizada;5000;5240;Não;Não;Não;Não;Sim;Não;Não;Não;05/04/2024;Não;Bulk
200;26000466;;C-85 BULK;65409;01/04/2024;08/04/2024;Finalizada;1550;1580;Não;Não;Não;Não;Sim;Não;Não;Não;05/04/2024;Não;Bulk
200;26000353;;C-542 BULK;65410;01/04/2024;08/04/2024;Finalizada;10100;10230,76;Não;Não;Não;Não;Sim;Não;Não;Não;06/04/2024;Não;Bulk
200;26000462;;C-8072 BULK;65411;01/04/2024;08/04/2024;Finalizada;1100;1100;Não;Não;Não;Não;Sim;Não;Não;Não;08/04/2024;Não;Bulk
200;26000020;;BRAS-3847AN BULK;65412;01/04/2024;07/04/2024;Finalizada;4100;4100;Não;Não;Não;Não;Sim;Não;Não;Não;06/04/2024;Não;Bulk
200;26001129;;RAKOLL FC BULK;65413;01/04/2024;05/04/2024;Finalizada;3100;3100;Não;Não;Não;Não;Sim;Não;Não;Não;06/04/2024;Não;Bulk
200;26000030;;C-1015 BULK;65422;01/04/2024;08/04/2024;Finalizada;1100;1100;Não;Não;Não;Não;Sim;Não;Não;Não;11/04/2024;Não;Bulk
200;26000246;;C-363 BULK;65423;01/04/2024;08/04/2024;Finalizada;4100;4100;Não;Não;Não;Não;Sim;Não;Não;Não;08/04/2024;Não;Bulk
200;26000779;;CQ-7019 BULK;65428;01/04/2024;04/04/2024;Finalizada;1130;1130;Não;Não;Não;Não;Sim;Não;Não;Não;02/04/2024;Não;Bulk
200;26001162;;HMK-4570-L BULK;65450;01/04/2024;05/04/2024;Finalizada;1543;1543;Não;Não;Não;Não;Sim;Não;Não;Não;17/04/2024;Não;Bulk
200;26001162;;HMK-4570-L BULK;65451;01/04/2024;05/04/2024;Finalizada;1543;1543;Não;Não;Não;Não;Sim;Não;Não;Não;17/04/2024;Não;Bulk
200;26001162;;HMK-4570-L BULK;65452;01/04/2024;05/04/2024;Finalizada;1543;1543;Não;Não;Não;Não;Sim;Não;Não;Não;18/04/2024;Não;Bulk
200;26001162;;HMK-4570-L BULK;65453;01/04/2024;05/04/2024;Finalizada;1543;1543;Não;Não;Não;Não;Sim;Não;Não;Não;18/04/2024;Não;Bulk
200;26001162;;HMK-4570-L BULK;65454;01/04/2024;05/04/2024;Finalizada;1543;1543;Não;Não;Não;Não;Sim;Não;Não;Não;18/04/2024;Não;Bulk
200;26001162;;HMK-4570-L BULK;65455;01/04/2024;05/04/2024;Finalizada;1543;1543;Não;Não;Não;Não;Sim;Não;Não;Não;18/04/2024;Não;Bulk
200;26000615;;CQ-4012 BULK;65456;01/04/2024;08/04/2024;Finalizada;5816,52;5916,52;Não;Não;Não;Não;Sim;Não;Não;Não;06/04/2024;Não;Bulk
200;26000662;;CQ-4163/1 BULK;65469;02/04/2024;07/04/2024;Finalizada;3800;3800;Não;Não;Não;Não;Sim;Não;Não;Não;08/04/2024;Não;Bulk
200;26001117;;Advantra® PHC 9256L BULK;65470;02/04/2024;07/04/2024;Finalizada;3800;3800;Não;Não;Não;Não;Sim;Não;Não;Não;08/04/2024;Não;Bulk
200;26001176;;TT5050BR BULK;65475;02/04/2024;06/04/2024;Finalizada;1100;1138;Não;Não;Não;Não;Sim;Não;Não;Não;05/04/2024;Não;Bulk
200;26000702;;CQ-4443 BULK;65477;02/04/2024;08/04/2024;Finalizada;1810;1810;Não;Não;Não;Não;Sim;Não;Não;Não;08/04/2024;Não;Bulk
200;26001095;;CQ-7150 BULK;65478;02/04/2024;08/04/2024;Finalizada;2400;2400;Não;Não;Não;Não;Sim;Não;Não;Não;09/04/2024;Não;Bulk
200;26000611;;CQ-3870 BULK;65479;02/04/2024;08/04/2024;Finalizada;1499,6;1499,6;Não;Não;Não;Não;Sim;Não;Não;Não;05/04/2024;Não;Bulk
200;26000611;;CQ-3870 BULK;65480;02/04/2024;08/04/2024;Finalizada;1499,6;1499,6;Não;Não;Não;Não;Sim;Não;Não;Não;09/04/2024;Não;Bulk
200;26000723;;CQ-620 PUR BULK;65481;02/04/2024;10/04/2024;Finalizada;2400;2520;Não;Não;Não;Não;Sim;Não;Não;Não;09/04/2024;Não;Bulk
200;26000615;;CQ-4012 BULK;65482;02/04/2024;08/04/2024;Finalizada;5816,52;5816,52;Não;Não;Não;Não;Sim;Não;Não;Não;09/04/2024;Não;Bulk
200;26000615;;CQ-4012 BULK;65483;02/04/2024;08/04/2024;Finalizada;5816,52;5891,52;Não;Não;Não;Não;Sim;Não;Não;Não;08/04/2024;Não;Bulk
200;26001095;;CQ-7150 BULK;65484;02/04/2024;09/04/2024;Finalizada;1100;1100;Não;Não;Não;Não;Sim;Não;Não;Não;10/04/2024;Não;Bulk
200;26001095;;CQ-7150 BULK;65485;02/04/2024;09/04/2024;Finalizada;2400;2400;Não;Não;Não;Não;Sim;Não;Não;Não;09/04/2024;Não;Bulk
200;16001317;;CQ-3061 PI CAI 15.00 KG;65502;02/04/2024;05/04/2024;Finalizada;2565;2565;Não;Não;Sim;Não;Não;Não;Não;Não;02/04/2024;Não;Finish
200;26001144;;CQ-7081FT BULK;65510;03/04/2024;08/04/2024;Finalizada;1000;1000;Não;Não;Não;Não;Sim;Não;Não;Não;09/04/2024;Não;Bulk
200;26000615;;CQ-4012 BULK;65511;03/04/2024;11/04/2024;Finalizada;5816,52;5916,52;Não;Não;Não;Não;Sim;Não;Não;Não;09/04/2024;Não;Bulk
200;26001144;;CQ-7081FT BULK;65512;03/04/2024;08/04/2024;Finalizada;1000;1000;Não;Não;Não;Não;Sim;Não;Não;Não;10/04/2024;Não;Bulk
200;26001138;;CQ-7142 BULK;65513;03/04/2024;08/04/2024;Finalizada;2400;2400;Não;Não;Não;Não;Sim;Não;Não;Não;11/04/2024;Não;Bulk
200;26001138;;CQ-7142 BULK;65514;03/04/2024;08/04/2024;Finalizada;2400;2400;Não;Não;Não;Não;Sim;Não;Não;Não;10/04/2024;Não;Bulk
200;26000931;;HM-4995/1 BULK;65515;03/04/2024;10/04/2024;Finalizada;3800;3800;Não;Não;Não;Não;Sim;Não;Não;Não;09/04/2024;Não;Bulk
200;26000931;;HM-4995/1 BULK;65516;03/04/2024;10/04/2024;Finalizada;3800;3800;Não;Não;Não;Não;Sim;Não;Não;Não;09/04/2024;Não;Bulk
200;26000702;;CQ-4443 BULK;65517;03/04/2024;11/04/2024;Finalizada;1810;1810;Não;Não;Não;Não;Sim;Não;Não;Não;09/04/2024;Não;Bulk
200;26000752;;CQ-654 PUR BULK;65518;03/04/2024;13/04/2024;Finalizada;1000;1020;Não;Não;Não;Não;Sim;Não;Não;Não;09/04/2024;Não;Bulk
200;26000859;;CQ-752 PUR BULK;65519;03/04/2024;13/04/2024;Finalizada;2522,562;2522,562;Não;Não;Não;Não;Sim;Não;Não;Não;08/04/2024;Não;Bulk
200;26001144;;CQ-7081FT BULK;65532;03/04/2024;09/04/2024;Finalizada;1000;1000;Não;Não;Não;Não;Sim;Não;Não;Não;10/04/2024;Não;Bulk
200;26001144;;CQ-7081FT BULK;65533;03/04/2024;09/04/2024;Finalizada;1000;1000;Não;Não;Não;Não;Sim;Não;Não;Não;10/04/2024;Não;Bulk
200;26001138;;CQ-7142 BULK;65534;03/04/2024;09/04/2024;Finalizada;2400;2400;Não;Não;Não;Não;Sim;Não;Não;Não;11/04/2024;Não;Bulk
200;26001138;;CQ-7142 BULK;65535;03/04/2024;09/04/2024;Finalizada;2400;2400;Não;Não;Não;Não;Sim;Não;Não;Não;11/04/2024;Não;Bulk
200;26000615;;CQ-4012 BULK;65536;03/04/2024;12/04/2024;Finalizada;5816,52;5916;Não;Não;Não;Não;Sim;Não;Não;Não;10/04/2024;Não;Bulk
200;26000615;;CQ-4012 BULK;65537;03/04/2024;12/04/2024;Finalizada;5816,52;5941,52;Não;Não;Não;Não;Sim;Não;Não;Não;11/04/2024;Não;Bulk
200;26000702;;CQ-4443 BULK;65540;03/04/2024;12/04/2024;Finalizada;1810;1810;Não;Não;Não;Não;Sim;Não;Não;Não;10/04/2024;Não;Bulk
200;26000714;;CQ-610 PUR BULK;65541;03/04/2024;14/04/2024;Finalizada;2519,517;2519,517;Não;Não;Não;Não;Sim;Não;Não;Não;11/04/2024;Não;Bulk
200;26001144;;CQ-7081FT BULK;65553;03/04/2024;10/04/2024;Finalizada;1000;1000;Não;Não;Não;Não;Sim;Não;Não;Não;11/04/2024;Não;Bulk
200;26001144;;CQ-7081FT BULK;65554;03/04/2024;10/04/2024;Finalizada;1000;1000;Não;Não;Não;Não;Sim;Não;Não;Não;11/04/2024;Não;Bulk
200;26001138;;CQ-7142 BULK;65555;03/04/2024;10/04/2024;Finalizada;2400;2400;Não;Não;Não;Não;Sim;Não;Não;Não;12/04/2024;Não;Bulk
200;26000615;;CQ-4012 BULK;65557;03/04/2024;13/04/2024;Finalizada;5816,52;5916;Não;Não;Não;Não;Sim;Não;Não;Não;11/04/2024;Não;Bulk
200;26000615;;CQ-4012 BULK;65558;03/04/2024;13/04/2024;Finalizada;5816,52;5916,52;Não;Não;Não;Não;Sim;Não;Não;Não;12/04/2024;Não;Bulk
200;26000702;;CQ-4443 BULK;65559;03/04/2024;13/04/2024;Finalizada;1810;1810;Não;Não;Não;Não;Sim;Não;Não;Não;11/04/2024;Não;Bulk
200;26000723;;CQ-620 PUR BULK;65560;03/04/2024;15/04/2024;Finalizada;2520;2448;Não;Não;Não;Não;Sim;Não;Não;Não;16/04/2024;Não;Bulk
200;26001144;;CQ-7081FT BULK;65569;03/04/2024;11/04/2024;Finalizada;1000;1000;Não;Não;Não;Não;Sim;Não;Não;Não;11/04/2024;Não;Bulk
200;26001144;;CQ-7081FT BULK;65570;03/04/2024;11/04/2024;Finalizada;1000;1000;Não;Não;Não;Não;Sim;Não;Não;Não;12/04/2024;Não;Bulk
200;26000837;;CQ-7140 BULK;65571;03/04/2024;14/04/2024;Finalizada;2402,28;2402,28;Não;Não;Não;Não;Sim;Não;Não;Não;12/04/2024;Não;Bulk
200;26000837;;CQ-7140 BULK;65572;03/04/2024;14/04/2024;Finalizada;2402,28;2402,28;Não;Não;Não;Não;Sim;Não;Não;Não;13/04/2024;Não;Bulk
200;26000615;;CQ-4012 BULK;65573;22/04/2024;27/04/2024;Finalizada;5816,52;5816,52;Não;Não;Não;Não;Sim;Não;Não;Não;25/04/2024;Não;Bulk
200;26000615;;CQ-4012 BULK;65574;22/04/2024;27/04/2024;Finalizada;5816,52;5816,52;Não;Não;Não;Não;Sim;Não;Não;Não;24/04/2024;Não;Bulk
200;26000702;;CQ-4443 BULK;65575;03/04/2024;14/04/2024;Finalizada;1810;1810;Não;Não;Não;Não;Sim;Não;Não;Não;12/04/2024;Não;Bulk
200;26000723;;CQ-620 PUR BULK;65576;03/04/2024;16/04/2024;Finalizada;2520;2520;Não;Não;Não;Não;Sim;Não;Não;Não;17/04/2024;Não;Bulk
200;26001144;;CQ-7081FT BULK;65586;03/04/2024;12/04/2024;Finalizada;1000;1000;Não;Não;Não;Não;Sim;Não;Não;Não;13/04/2024;Não;Bulk
200;26001144;;CQ-7081FT BULK;65587;03/04/2024;12/04/2024;Finalizada;1000;1000;Não;Não;Não;Não;Sim;Não;Não;Não;13/04/2024;Não;Bulk
200;26000631;;CQ-4075 BULK;65591;03/04/2024;15/04/2024;Finalizada;1800;1850;Não;Não;Não;Não;Sim;Não;Não;Não;12/04/2024;Não;Bulk
200;26000702;;CQ-4443 BULK;65592;03/04/2024;15/04/2024;Finalizada;1810;1810;Não;Não;Não;Não;Sim;Não;Não;Não;18/04/2024;Não;Bulk
200;26000609;;CQ-3061 BULK;65600;03/04/2024;16/04/2024;Finalizada;2600;2547;Não;Não;Não;Não;Sim;Não;Não;Não;25/04/2024;Não;Bulk
200;26001144;;CQ-7081FT BULK;65601;03/04/2024;13/04/2024;Finalizada;1000;1000;Não;Não;Não;Não;Sim;Não;Não;Não;16/04/2024;Não;Bulk
200;26001144;;CQ-7081FT BULK;65602;03/04/2024;13/04/2024;Finalizada;1000;1000;Não;Não;Não;Não;Sim;Não;Não;Não;16/04/2024;Não;Bulk
200;26000608;;CQ-3060 BULK;65603;03/04/2024;16/04/2024;Finalizada;2800;2728;Não;Não;Não;Não;Sim;Não;Não;Não;15/04/2024;Não;Bulk
200;26000793;;CQ-7039/5 BULK;65604;03/04/2024;16/04/2024;Finalizada;2600;2600;Não;Não;Não;Não;Sim;Não;Não;Não;19/04/2024;Não;Bulk
200;26000631;;CQ-4075 BULK;65605;03/04/2024;16/04/2024;Finalizada;1800;1800;Não;Não;Não;Não;Sim;Não;Não;Não;13/04/2024;Não;Bulk
200;26001107;;C-358 BULK;65614;05/04/2024;11/04/2024;Finalizada;2400;2313,48;Não;Não;Não;Não;Sim;Não;Não;Não;08/04/2024;Não;Bulk
200;26001129;;RAKOLL FC BULK;65615;03/04/2024;08/04/2024;Finalizada;3100;3140;Não;Não;Não;Não;Sim;Não;Não;Não;09/04/2024;Não;Bulk
200;26000523;;C-96/1 BULK;65616;03/04/2024;11/04/2024;Finalizada;4100;4029,74;Não;Não;Não;Não;Sim;Não;Não;Não;08/04/2024;Não;Bulk
200;26000351;;C-540/2 BULK;65617;03/04/2024;11/04/2024;Finalizada;10000;9630;Não;Não;Não;Não;Sim;Não;Não;Não;09/04/2024;Não;Bulk
200;26000062;;C-142 BULK;65618;03/04/2024;11/04/2024;Finalizada;1550;1550;Não;Não;Não;Não;Sim;Não;Não;Não;09/04/2024;Não;Bulk
200;26000038;;C-1027 BULK;65624;03/04/2024;11/04/2024;Finalizada;2100;2110;Não;Não;Não;Não;Sim;Não;Não;Não;08/04/2024;Não;Bulk
200;26000973;;R-066 BULK;65628;03/04/2024;11/04/2024;Finalizada;5600;5560;Não;Não;Não;Não;Sim;Não;Não;Não;09/04/2024;Não;Bulk
200;26000973;;R-066 BULK;65629;03/04/2024;11/04/2024;Finalizada;6500;6460;Não;Não;Não;Não;Sim;Não;Não;Não;09/04/2024;Não;Bulk
200;26000444;;C-8025 BULK;65630;03/04/2024;12/04/2024;Finalizada;1100;1135;Não;Não;Não;Não;Sim;Não;Não;Não;09/04/2024;Não;Bulk
200;26000245;;C-362 BULK;65631;03/04/2024;12/04/2024;Finalizada;4100;4113,08;Não;Não;Não;Não;Sim;Não;Não;Não;11/04/2024;Não;Bulk
200;26000336;;C-52 BULK;65632;03/04/2024;12/04/2024;Finalizada;2400;2376,48;Não;Não;Não;Não;Sim;Não;Não;Não;10/04/2024;Não;Bulk
200;26000117;;C-2140T BULK;65633;03/04/2024;12/04/2024;Finalizada;8500;8762;Não;Não;Não;Não;Sim;Não;Não;Não;10/04/2024;Não;Bulk
200;26000973;;R-066 BULK;65666;05/04/2024;12/04/2024;Finalizada;5600;5550;Não;Não;Não;Não;Sim;Não;Não;Não;10/04/2024;Não;Bulk
200;26000320;;C-5114 BULK;65667;05/04/2024;13/04/2024;Finalizada;2100;2100;Não;Não;Não;Não;Sim;Não;Não;Não;10/04/2024;Não;Bulk
200;26001156;;Swift®tak 3715LA BULK;65668;05/04/2024;10/04/2024;Finalizada;5000;4907;Não;Não;Não;Não;Sim;Não;Não;Não;11/04/2024;Não;Bulk
200;26001076;;RESINA R-BASE GXL3 BULK;65669;05/04/2024;13/04/2024;Finalizada;3100;3700;Não;Não;Não;Não;Sim;Não;Não;Não;11/04/2024;Não;Bulk
200;26001022;;T-199/2 BULK;65670;05/04/2024;12/04/2024;Finalizada;4000;4433,8;Não;Não;Não;Não;Sim;Não;Não;Não;15/04/2024;Não;Bulk
200;26000210;;C-342 BULK;65671;05/04/2024;13/04/2024;Finalizada;10000;10000;Não;Não;Não;Não;Sim;Não;Não;Não;10/04/2024;Não;Bulk
200;26000506;;C-94 BULK;65672;05/04/2024;13/04/2024;Finalizada;2400;2376;Não;Não;Não;Não;Sim;Não;Não;Não;12/04/2024;Não;Bulk
200;26000973;;R-066 BULK;65681;05/04/2024;13/04/2024;Finalizada;5600;5560;Não;Não;Não;Não;Sim;Não;Não;Não;11/04/2024;Não;Bulk
200;26000973;;R-066 BULK;65682;05/04/2024;13/04/2024;Finalizada;6500;6450;Não;Não;Não;Não;Sim;Não;Não;Não;12/04/2024;Não;Bulk
200;26000544;;CA-9020 BULK;65683;05/04/2024;15/04/2024;Finalizada;4800;4875;Não;Não;Não;Não;Sim;Não;Não;Não;15/04/2024;Não;Bulk
200;26000456;;C-8055 BULK;65684;05/04/2024;14/04/2024;Finalizada;4800;4915;Não;Não;Não;Não;Sim;Não;Não;Não;13/04/2024;Não;Bulk
200;26000385;;C-580AV BULK;65685;05/04/2024;14/04/2024;Finalizada;1550;1550;Não;Não;Não;Não;Sim;Não;Não;Não;12/04/2024;Não;Bulk
200;26000243;;C-360/5 BULK;65686;05/04/2024;14/04/2024;Finalizada;4100;4098,94;Não;Não;Não;Não;Sim;Não;Não;Não;12/04/2024;Não;Bulk
200;26000260;;C-384/1 BULK;65692;05/04/2024;12/04/2024;Finalizada;2000;1979,8;Não;Não;Não;Não;Sim;Não;Não;Não;10/04/2024;Não;Bulk
200;26001095;;CQ-7150 BULK;65703;08/04/2024;11/04/2024;Finalizada;1300;1300;Não;Não;Não;Não;Sim;Não;Não;Não;10/04/2024;Não;Bulk
200;26000973;;R-066 BULK;65710;08/04/2024;14/04/2024;Finalizada;6500;6460;Não;Não;Não;Não;Sim;Não;Não;Não;12/04/2024;Não;Bulk
200;26000050;;C-1090 BULK;65711;08/04/2024;15/04/2024;Finalizada;2050;2042;Não;Não;Não;Não;Sim;Não;Não;Não;12/04/2024;Não;Bulk
200;26000464;;C-8107M BULK;65712;08/04/2024;15/04/2024;Finalizada;4000;4000;Não;Não;Não;Não;Sim;Não;Não;Não;15/04/2024;Não;Bulk
200;26000318;;C-502 BULK;65713;08/04/2024;15/04/2024;Finalizada;10100;10388;Não;Não;Não;Não;Sim;Não;Não;Não;12/04/2024;Não;Bulk
200;26000153;;C-2239T BULK;65714;08/04/2024;15/04/2024;Finalizada;8200;8200,31;Não;Não;Não;Não;Sim;Não;Não;Não;12/04/2024;Não;Bulk
200;26000446;;C-8030 BULK;65730;09/04/2024;16/04/2024;Finalizada;4852,94;5047,94;Não;Não;Não;Não;Sim;Não;Não;Não;13/04/2024;Não;Bulk
200;26000973;;R-066 BULK;65741;09/04/2024;15/04/2024;Finalizada;6500;6450;Não;Não;Não;Não;Sim;Não;Não;Não;13/04/2024;Não;Bulk
200;16002919;;GA 4001 SD BAR 20.00 KG;65759;10/04/2024;25/04/2024;Finalizada;160;160;Não;Não;Sim;Não;Não;Não;Não;Não;15/04/2024;Não;Finish
200;26000223;;C-350 BULK;65761;16/04/2024;21/04/2024;Finalizada;2050;1973,12;Não;Não;Não;Não;Sim;Não;Não;Não;18/04/2024;Não;Bulk
200;26000062;;C-142 BULK;65762;11/04/2024;18/04/2024;Finalizada;1550;1560,46;Não;Não;Não;Não;Sim;Não;Não;Não;16/04/2024;Não;Bulk
200;26000214;;C-345 BULK;65763;11/04/2024;18/04/2024;Finalizada;1050;1050;Não;Não;Não;Não;Sim;Não;Não;Não;16/04/2024;Não;Bulk
200;26000336;;C-52 BULK;65764;11/04/2024;18/04/2024;Finalizada;2400;2374,48;Não;Não;Não;Não;Sim;Não;Não;Não;16/04/2024;Não;Bulk
200;26001080;;SWIFT®TAK 5090L BULK;65765;11/04/2024;18/04/2024;Finalizada;10000;10220;Não;Não;Não;Não;Sim;Não;Não;Não;16/04/2024;Não;Bulk
200;26001156;;Swift®tak 3715LA BULK;65766;11/04/2024;15/04/2024;Finalizada;5000;5000;Não;Não;Não;Não;Sim;Não;Não;Não;16/04/2024;Não;Bulk
200;26000973;;R-066 BULK;65767;11/04/2024;17/04/2024;Finalizada;6500;6460;Não;Não;Não;Não;Sim;Não;Não;Não;17/04/2024;Não;Bulk
200;26000319;;C-51 BULK;65775;11/04/2024;19/04/2024;Finalizada;2400;2387,56;Não;Não;Não;Não;Sim;Não;Não;Não;17/04/2024;Não;Bulk
200;26000041;;C-1029/3 BULK;65776;11/04/2024;19/04/2024;Finalizada;1300;1229,58;Não;Não;Não;Não;Sim;Não;Não;Não;17/04/2024;Não;Bulk
200;26000117;;C-2140T BULK;65777;11/04/2024;19/04/2024;Finalizada;8500;8612;Não;Não;Não;Não;Sim;Não;Não;Não;16/04/2024;Não;Bulk
200;26000992;;S-026 BULK;65779;11/04/2024;13/04/2024;Finalizada;5469,75;5469,75;Não;Não;Não;Não;Sim;Não;Não;Não;16/04/2024;Não;Bulk
200;26000217;;C-347A BULK;65780;11/04/2024;19/04/2024;Finalizada;1050;1070;Não;Não;Não;Não;Sim;Não;Não;Não;17/04/2024;Não;Bulk
200;26000539;;CA-9007 BULK;65781;11/04/2024;20/04/2024;Finalizada;4800;4900;Não;Não;Não;Não;Sim;Não;Não;Não;18/04/2024;Não;Bulk
200;26000973;;R-066 BULK;65782;11/04/2024;18/04/2024;Finalizada;6500;6450;Não;Não;Não;Não;Sim;Não;Não;Não;18/04/2024;Não;Bulk
200;26000975;;R-078 BULK;65783;11/04/2024;18/04/2024;Finalizada;5000;4960;Não;Não;Não;Não;Sim;Não;Não;Não;18/04/2024;Não;Bulk
200;26000581;;CQ-3009 BULK;65791;11/04/2024;18/04/2024;Finalizada;2531,21;2531,21;Não;Não;Não;Não;Sim;Não;Não;Não;16/04/2024;Não;Bulk
200;26000837;;CQ-7140 BULK;65792;11/04/2024;18/04/2024;Finalizada;1000;1000;Não;Não;Não;Não;Sim;Não;Não;Não;15/04/2024;Não;Bulk
200;26000752;;CQ-654 PUR BULK;65793;11/04/2024;20/04/2024;Finalizada;1050;1050;Não;Não;Não;Não;Sim;Não;Não;Não;18/04/2024;Não;Bulk
200;26000631;;CQ-4075 BULK;65794;11/04/2024;18/04/2024;Finalizada;1800;1800;Não;Não;Não;Não;Sim;Não;Não;Não;15/04/2024;Não;Bulk
200;26001144;;CQ-7081FT BULK;65799;11/04/2024;16/04/2024;Finalizada;1000;1000;Não;Não;Não;Não;Sim;Não;Não;Não;17/04/2024;Não;Bulk
200;26000578;;CQ-3008 BULK;65800;11/04/2024;19/04/2024;Finalizada;2770;2869;Não;Não;Não;Não;Sim;Não;Não;Não;17/04/2024;Não;Bulk
200;26000608;;CQ-3060 BULK;65801;11/04/2024;19/04/2024;Finalizada;2800;2800;Não;Não;Não;Não;Sim;Não;Não;Não;17/04/2024;Não;Bulk
200;26000631;;CQ-4075 BULK;65802;11/04/2024;19/04/2024;Finalizada;1800;1800;Não;Não;Não;Não;Sim;Não;Não;Não;15/04/2024;Não;Bulk
200;26000631;;CQ-4075 BULK;65803;11/04/2024;19/04/2024;Finalizada;1800;1800;Não;Não;Não;Não;Sim;Não;Não;Não;15/04/2024;Não;Bulk
200;26000116;;C-2140 BULK;65809;11/04/2024;20/04/2024;Finalizada;10000;10553;Não;Não;Não;Não;Sim;Não;Não;Não;17/04/2024;Não;Bulk
200;26000451;;C-8035 BULK;65811;11/04/2024;20/04/2024;Finalizada;4800;4860;Não;Não;Não;Não;Sim;Não;Não;Não;19/04/2024;Não;Bulk
200;26001156;;Swift®tak 3715LA BULK;65812;11/04/2024;17/04/2024;Finalizada;5000;5005;Não;Não;Não;Não;Sim;Não;Não;Não;17/04/2024;Não;Bulk
200;26000973;;R-066 BULK;65813;11/04/2024;19/04/2024;Finalizada;6500;6450;Não;Não;Não;Não;Sim;Não;Não;Não;20/04/2024;Não;Bulk
200;26001129;;RAKOLL FC BULK;65824;11/04/2024;15/04/2024;Finalizada;3100;3100;Não;Não;Não;Não;Sim;Não;Não;Não;15/04/2024;Não;Bulk
200;26000681;;CQ-4197 BULK;65830;11/04/2024;19/04/2024;Finalizada;5800;5800;Não;Não;Não;Não;Sim;Não;Não;Não;17/04/2024;Não;Bulk
200;26000688;;CQ-4251 BULK;65831;11/04/2024;19/04/2024;Finalizada;5800;5800;Não;Não;Não;Não;Sim;Não;Não;Não;16/04/2024;Não;Bulk
200;26000853;;CQ-7500 BULK;65841;11/04/2024;20/04/2024;Finalizada;1575;1615;Não;Não;Não;Não;Sim;Não;Não;Não;18/04/2024;Não;Bulk
200;26000608;;CQ-3060 BULK;65842;11/04/2024;20/04/2024;Finalizada;2800;2800;Não;Não;Não;Não;Sim;Não;Não;Não;18/04/2024;Não;Bulk
200;26000608;;CQ-3060 BULK;65843;11/04/2024;20/04/2024;Finalizada;2800;2949;Não;Não;Não;Não;Sim;Não;Não;Não;19/04/2024;Não;Bulk
200;26001162;;HMK-4570-L BULK;65844;11/04/2024;17/04/2024;Finalizada;1543;1543;Não;Não;Não;Não;Sim;Não;Não;Não;19/04/2024;Não;Bulk
200;26001162;;HMK-4570-L BULK;65845;11/04/2024;17/04/2024;Finalizada;1543;1543;Não;Não;Não;Não;Sim;Não;Não;Não;18/04/2024;Não;Bulk
200;26001162;;HMK-4570-L BULK;65846;11/04/2024;17/04/2024;Finalizada;1543;1543;Não;Não;Não;Não;Sim;Não;Não;Não;19/04/2024;Não;Bulk
200;26001145;;AVA COMBI CASE 1 L BULK;65848;11/04/2024;17/04/2024;Finalizada;3800;3800;Não;Não;Não;Não;Sim;Não;Não;Não;17/04/2024;Não;Bulk
200;26001111;;ADVANTRA® PHC8270/1;65849;11/04/2024;19/04/2024;Finalizada;3800;3800;Não;Não;Não;Não;Sim;Não;Não;Não;18/04/2024;Não;Bulk
200;26000688;;CQ-4251 BULK;65850;11/04/2024;20/04/2024;Finalizada;5800;5800;Não;Não;Não;Não;Sim;Não;Não;Não;18/04/2024;Não;Bulk
200;26000020;;BRAS-3847AN BULK;65863;11/04/2024;14/04/2024;Finalizada;25;25;Não;Não;Não;Não;Sim;Não;Não;Não;12/04/2024;Não;Bulk
200;26000853;;CQ-7500 BULK;65864;11/04/2024;21/04/2024;Finalizada;1575;1575;Não;Não;Não;Não;Sim;Não;Não;Não;19/04/2024;Não;Bulk
200;26000853;;CQ-7500 BULK;65865;11/04/2024;21/04/2024;Finalizada;1575;1625;Não;Não;Não;Não;Sim;Não;Não;Não;20/04/2024;Não;Bulk
200;26000608;;CQ-3060 BULK;65866;11/04/2024;21/04/2024;Finalizada;2800;2800;Não;Não;Não;Não;Sim;Não;Não;Não;19/04/2024;Não;Bulk
200;26000731;;CQ-642 BULK;65867;11/04/2024;21/04/2024;Finalizada;1500;1500;Não;Não;Não;Não;Sim;Não;Não;Não;25/04/2024;Não;Bulk
200;26000731;;CQ-642 BULK;65869;11/04/2024;21/04/2024;Finalizada;1500;1500;Não;Não;Não;Não;Sim;Não;Não;Não;24/04/2024;Não;Bulk
200;26001162;;HMK-4570-L BULK;65870;11/04/2024;18/04/2024;Finalizada;1543;1543;Não;Não;Não;Não;Sim;Não;Não;Não;19/04/2024;Não;Bulk
200;26001162;;HMK-4570-L BULK;65871;11/04/2024;18/04/2024;Finalizada;1543;1543;Não;Não;Não;Não;Sim;Não;Não;Não;19/04/2024;Não;Bulk
200;26001162;;HMK-4570-L BULK;65872;11/04/2024;18/04/2024;Finalizada;1543;1543;Não;Não;Não;Não;Sim;Não;Não;Não;19/04/2024;Não;Bulk
200;26001117;;Advantra® PHC 9256L BULK;65873;11/04/2024;21/04/2024;Finalizada;3800;3800;Não;Não;Não;Não;Sim;Não;Não;Não;18/04/2024;Não;Bulk
200;26001117;;Advantra® PHC 9256L BULK;65874;11/04/2024;21/04/2024;Finalizada;3800;3800;Não;Não;Não;Não;Sim;Não;Não;Não;19/04/2024;Não;Bulk
200;26001117;;Advantra® PHC 9256L BULK;65875;11/04/2024;21/04/2024;Finalizada;3800;3800;Não;Não;Não;Não;Sim;Não;Não;Não;19/04/2024;Não;Bulk
200;26000625;;CQ-4023/4 BULK;65876;11/04/2024;21/04/2024;Finalizada;5800;5800;Não;Não;Não;Não;Sim;Não;Não;Não;19/04/2024;Não;Bulk
200;26000570;;CQ-1000 BULK;65877;11/04/2024;21/04/2024;Finalizada;5800;5800;Não;Não;Não;Não;Sim;Não;Não;Não;19/04/2024;Não;Bulk
200;26000702;;CQ-4443 BULK;65892;11/04/2024;22/04/2024;Finalizada;1810;1810;Não;Não;Não;Não;Sim;Não;Não;Não;19/04/2024;Não;Bulk
200;26000853;;CQ-7500 BULK;65893;11/04/2024;22/04/2024;Finalizada;1575;1515;Não;Não;Não;Não;Sim;Não;Não;Não;23/04/2024;Não;Bulk
200;26000825;;CQ-712 BULK;65894;11/04/2024;22/04/2024;Finalizada;1500;1500;Não;Não;Não;Não;Sim;Não;Não;Não;22/04/2024;Não;Bulk
200;26000793;;CQ-7039/5 BULK;65895;11/04/2024;22/04/2024;Finalizada;2600;2600;Não;Não;Não;Não;Sim;Não;Não;Não;20/04/2024;Não;Bulk
200;26000789;;CQ-7035 BULK;65896;11/04/2024;22/04/2024;Finalizada;2800;2783,95;Não;Não;Não;Não;Sim;Não;Não;Não;22/04/2024;Não;Bulk
200;26000662;;CQ-4163/1 BULK;65903;11/04/2024;22/04/2024;Finalizada;3800;3800;Não;Não;Não;Não;Sim;Não;Não;Não;20/04/2024;Não;Bulk
200;26000690;;CQ-4260 BULK;65904;11/04/2024;22/04/2024;Finalizada;4000;4000;Não;Não;Não;Não;Sim;Não;Não;Não;22/04/2024;Não;Bulk
200;26000690;;CQ-4260 BULK;65905;11/04/2024;22/04/2024;Finalizada;4000;4000;Não;Não;Não;Não;Sim;Não;Não;Não;19/04/2024;Não;Bulk
200;26000679;;CQ-4196 BULK;65906;11/04/2024;22/04/2024;Finalizada;5800;5800;Não;Não;Não;Não;Sim;Não;Não;Não;22/04/2024;Não;Bulk
200;26000679;;CQ-4196 BULK;65907;11/04/2024;22/04/2024;Finalizada;5800;5800;Não;Não;Não;Não;Sim;Não;Não;Não;23/04/2024;Não;Bulk
200;26000702;;CQ-4443 BULK;65924;11/04/2024;23/04/2024;Finalizada;1810;1810;Não;Não;Não;Não;Sim;Não;Não;Não;20/04/2024;Não;Bulk
200;26000780;;CQ-7023 BULK;65925;11/04/2024;23/04/2024;Finalizada;1503,45;1428,45;Não;Não;Não;Não;Sim;Não;Não;Não;20/04/2024;Não;Bulk
200;26000789;;CQ-7035 BULK;65926;11/04/2024;23/04/2024;Finalizada;2800;2648;Não;Não;Não;Não;Sim;Não;Não;Não;22/04/2024;Não;Bulk
200;26000789;;CQ-7035 BULK;65927;11/04/2024;23/04/2024;Finalizada;2859;2859;Não;Não;Não;Não;Sim;Não;Não;Não;23/04/2024;Não;Bulk
200;26000690;;CQ-4260 BULK;65929;11/04/2024;23/04/2024;Finalizada;4000;4000;Não;Não;Não;Não;Sim;Não;Não;Não;22/04/2024;Não;Bulk
200;26000679;;CQ-4196 BULK;65930;11/04/2024;23/04/2024;Finalizada;5800;5800;Não;Não;Não;Não;Sim;Não;Não;Não;23/04/2024;Não;Bulk
200;26000062;;C-142 BULK;65938;12/04/2024;21/04/2024;Finalizada;1550;1553,39;Não;Não;Não;Não;Sim;Não;Não;Não;18/04/2024;Não;Bulk
200;26000312;;C-5011 BULK;65939;12/04/2024;21/04/2024;Finalizada;2100;2130;Não;Não;Não;Não;Sim;Não;Não;Não;20/04/2024;Não;Bulk
200;26001004;;S-114/2 BULK;65940;12/04/2024;20/04/2024;Finalizada;3717;3717;Não;Não;Não;Não;Sim;Não;Não;Não;18/04/2024;Não;Bulk
200;26000353;;C-542 BULK;65941;12/04/2024;21/04/2024;Finalizada;10100;10239,35;Não;Não;Não;Não;Sim;Não;Não;Não;20/04/2024;Não;Bulk
200;26000973;;R-066 BULK;65945;12/04/2024;20/04/2024;Finalizada;6500;6460;Não;Não;Não;Não;Sim;Não;Não;Não;24/04/2024;Não;Bulk
200;26000566;;CQ-021SC BULK;65972;15/04/2024;20/04/2024;Finalizada;5800;5800;Não;Não;Não;Não;Sim;Não;Não;Não;18/04/2024;Não;Bulk
200;26000119;;C-2141 BULK;65973;16/04/2024;22/04/2024;Finalizada;1050;1070,47;Não;Não;Não;Não;Sim;Não;Não;Não;19/04/2024;Não;Bulk
200;26000318;;C-502 BULK;65974;16/04/2024;22/04/2024;Finalizada;10000;10151,83;Não;Não;Não;Não;Sim;Não;Não;Não;19/04/2024;Não;Bulk
200;26001028;;V-3845 BULK;65975;16/04/2024;21/04/2024;Finalizada;2050;2050;Não;Não;Não;Não;Sim;Não;Não;Não;19/04/2024;Não;Bulk
200;26000522;;C-96 BULK;65976;16/04/2024;22/04/2024;Finalizada;8500;8500;Não;Não;Não;Não;Sim;Não;Não;Não;19/04/2024;Não;Bulk
200;26000202;;C-33 BULK;65989;16/04/2024;23/04/2024;Finalizada;8500;8493,2;Não;Não;Não;Não;Sim;Não;Não;Não;20/04/2024;Não;Bulk
200;26000973;;R-066 BULK;66000;16/04/2024;24/04/2024;Finalizada;5600;5550;Não;Não;Não;Não;Sim;Não;Não;Não;23/04/2024;Não;Bulk
200;26000110;;C-2111 BULK;66001;16/04/2024;25/04/2024;Finalizada;10000;9982;Não;Não;Não;Não;Sim;Não;Não;Não;23/04/2024;Não;Bulk
200;26000227;;C-353/2 BULK;66003;16/04/2024;20/04/2024;Finalizada;1050;1033,52;Não;Não;Não;Não;Sim;Não;Não;Não;22/04/2024;Não;Bulk
200;26001101;;C-78AN BULK;66005;16/04/2024;25/04/2024;Finalizada;5000;4903,5;Não;Não;Não;Não;Sim;Não;Não;Não;22/04/2024;Não;Bulk
200;26000954;;PHC8290/1 BULK;66023;17/04/2024;24/04/2024;Finalizada;3800;3800;Não;Não;Não;Não;Sim;Não;Não;Não;23/04/2024;Não;Bulk
200;26000954;;PHC8290/1 BULK;66025;17/04/2024;24/04/2024;Finalizada;3800;3800;Não;Não;Não;Não;Sim;Não;Não;Não;23/04/2024;Não;Bulk
200;26000941;;LIMPUR BULK;66026;17/04/2024;25/04/2024;Finalizada;800;800;Não;Não;Não;Não;Sim;Não;Não;Não;22/04/2024;Não;Bulk
200;26000591;;CQ-3022 BULK;66029;17/04/2024;25/04/2024;Finalizada;2796;2796;Não;Não;Não;Não;Sim;Não;Não;Não;24/04/2024;Não;Bulk
200;26000591;;CQ-3022 BULK;66030;17/04/2024;25/04/2024;Finalizada;2796;2796;Não;Não;Não;Não;Sim;Não;Não;Não;24/04/2024;Não;Bulk
200;26000654;;CQ-4141 BULK;66045;17/04/2024;26/04/2024;Finalizada;1805;1805;Não;Não;Não;Não;Sim;Não;Não;Não;22/04/2024;Não;Bulk
200;26000941;;LIMPUR BULK;66046;17/04/2024;26/04/2024;Finalizada;800;920;Não;Não;Não;Não;Sim;Não;Não;Não;24/04/2024;Não;Bulk
200;26000954;;PHC8290/1 BULK;66053;17/04/2024;25/04/2024;Finalizada;3800;3800;Não;Não;Não;Não;Sim;Não;Não;Não;23/04/2024;Não;Bulk
200;26000954;;PHC8290/1 BULK;66054;17/04/2024;25/04/2024;Finalizada;3800;3800;Não;Não;Não;Não;Sim;Não;Não;Não;24/04/2024;Não;Bulk
200;26000954;;PHC8290/1 BULK;66055;17/04/2024;25/04/2024;Finalizada;3800;3800;Não;Não;Não;Não;Sim;Não;Não;Não;24/04/2024;Não;Bulk
200;26000605;;CQ-3042 BULK;66056;17/04/2024;26/04/2024;Finalizada;2626;2626;Não;Não;Não;Não;Sim;Não;Não;Não;24/04/2024;Não;Bulk
200;26000654;;CQ-4141 BULK;66070;17/04/2024;27/04/2024;Finalizada;1805;1805;Não;Não;Não;Não;Sim;Não;Não;Não;24/04/2024;Não;Bulk
200;26000654;;CQ-4141 BULK;66071;17/04/2024;27/04/2024;Finalizada;1805;1805;Não;Não;Não;Não;Sim;Não;Não;Não;24/04/2024;Não;Bulk
200;26000654;;CQ-4141 BULK;66090;17/04/2024;28/04/2024;Finalizada;1805;1805;Não;Não;Não;Não;Sim;Não;Não;Não;25/04/2024;Não;Bulk
200;26000679;;CQ-4196 BULK;66099;17/04/2024;28/04/2024;Finalizada;5800;5800;Não;Não;Não;Não;Sim;Não;Não;Não;24/04/2024;Não;Bulk
200;26000973;;R-066 BULK;66100;17/04/2024;25/04/2024;Finalizada;5600;5650;Não;Não;Não;Não;Sim;Não;Não;Não;23/04/2024;Não;Bulk
200;26000040;;C-1029/2 BULK;66101;17/04/2024;26/04/2024;Finalizada;2100;2085,58;Não;Não;Não;Não;Sim;Não;Não;Não;24/04/2024;Não;Bulk
200;26000260;;C-384/1 BULK;66102;17/04/2024;26/04/2024;Finalizada;1050;1039,18;Não;Não;Não;Não;Sim;Não;Não;Não;23/04/2024;Não;Bulk
200;26000992;;S-026 BULK;66103;17/04/2024;25/04/2024;Finalizada;1486,5;1486,5;Não;Não;Não;Não;Sim;Não;Não;Não;23/04/2024;Não;Bulk
200;26000138;;C-2172 BULK;66104;17/04/2024;26/04/2024;Finalizada;10000;10135;Não;Não;Não;Não;Sim;Não;Não;Não;24/04/2024;Não;Bulk
200;26000202;;C-33 BULK;66105;17/04/2024;26/04/2024;Finalizada;8500;8518,2;Não;Não;Não;Não;Sim;Não;Não;Não;23/04/2024;Não;Bulk
200;16000620;;C-384/1 LQ BAR 50.00 KG;66107;17/04/2024;26/04/2024;Finalizada;1050;1036;Não;Não;Sim;Não;Não;Não;Não;Não;23/04/2024;Não;Finish
200;26000859;;CQ-752 PUR BULK;66116;17/04/2024;27/04/2024;Finalizada;2522,562;2572,56;Não;Não;Não;Não;Sim;Não;Não;Não;23/04/2024;Não;Bulk
200;26000859;;CQ-752 PUR BULK;66119;17/04/2024;28/04/2024;Finalizada;2522,562;2522,562;Não;Não;Não;Não;Sim;Não;Não;Não;22/04/2024;Não;Bulk
200;26001107;;C-358 BULK;66128;18/04/2024;27/04/2024;Finalizada;2400;2381,48;Não;Não;Não;Não;Sim;Não;Não;Não;24/04/2024;Não;Bulk
200;26000973;;R-066 BULK;66130;18/04/2024;26/04/2024;Finalizada;5600;5660;Não;Não;Não;Não;Sim;Não;Não;Não;24/04/2024;Não;Bulk
200;26000325;;C-513 BULK;66131;18/04/2024;27/04/2024;Finalizada;2000;2035;Não;Não;Não;Não;Sim;Não;Não;Não;24/04/2024;Não;Bulk
200;26000351;;C-540/2 BULK;66132;18/04/2024;27/04/2024;Finalizada;10000;9717,7;Não;Não;Não;Não;Sim;Não;Não;Não;25/04/2024;Não;Bulk
200;26001004;;S-114/2 BULK;66149;19/04/2024;21/04/2024;Finalizada;1717;1717;Não;Não;Não;Não;Sim;Não;Não;Não;20/04/2024;Não;Bulk
200;26001076;;RESINA R-BASE GXL3 BULK;66153;19/04/2024;22/04/2024;Finalizada;3200;3900;Não;Não;Não;Não;Sim;Não;Não;Não;22/04/2024;Não;Bulk
200;26000859;;CQ-752 PUR BULK;66201;22/04/2024;29/04/2024;Finalizada;2522,562;2522,562;Não;Não;Não;Não;Sim;Não;Não;Não;24/04/2024;Não;Bulk
